Gene Set,Taxa,Gene ID,,Transcript ID,,Protein ID,,Scaffold,,Start,Stop,Strand,,,,Gene name from accession
NuclearRef,48701,106903399,MODEL,XM_014967172.1,961969304,XP_014822658.1,961969305,NW_015096304.1,961414400,117511,124924,-,Reference P_mexicana-1.0,-,-,LOC106903399
Sulfide Detox/Response,48701,106903450,MODEL,XM_014967280.1,961805977,XP_014822766.1,961805978,NW_015094577.1,961418301,390540,401830,-,Reference P_mexicana-1.0,-,-,LOC106903450
Sulfide Detox/Response,48701,106903515,MODEL,XM_014967396.1,961971755,XP_014822882.1,961971756,NW_015096328.1,961414347,30058,49011,-,Reference P_mexicana-1.0,-,-,LOC106903515
Sulfide Detox/Response,48701,106903553,MODEL,XM_014967447.1,961972296,XP_014822933.1,961972297,NW_015096333.1,961414336,18865,115625,+,Reference P_mexicana-1.0,-,-,LOC106903553
NuclearRef,48701,106904144,MODEL,XM_014968310.1,961979866,XP_014823796.1,961979867,NW_015096417.1,961414153,57532,66014,-,Reference P_mexicana-1.0,-,-,LOC106904144
NuOX,48701,106904219,MODEL,XM_014968432.1,961980769,XP_014823918.1,961980770,NW_015096428.1,961414128,62326,65527,+,Reference P_mexicana-1.0,-,-,LOC106904219
Sulfide Detox/Response,48701,106904223,MODEL,XM_014968439.1,961980824,XP_014823925.1,961980825,NW_015096428.1,961414128,23391,50012,-,Reference P_mexicana-1.0,-,-,LOC106904223
NuOX,48701,106904276,MODEL,XM_014968553.1,961806505,XP_014824039.1,961806506,NW_015094580.1,961418294,269648,276437,-,Reference P_mexicana-1.0,-,-,LOC106904276
Sulfide Detox/Response,48701,106904511,MODEL,XM_014968878.1,961984031,XP_014824364.1,961984032,NW_015096483.1,961413990,72721,111769,+,Reference P_mexicana-1.0,-,-,LOC106904511
NuclearRef,48701,106904513,MODEL,XM_014968881.1,961984044,XP_014824367.1,961984045,NW_015096483.1,961413990,50497,62100,-,Reference P_mexicana-1.0,-,-,LOC106904513
NuclearRef,48701,106904764,MODEL,XM_014969230.1,961806785,XP_014824716.1,961806786,NW_015094582.1,961418282,228343,239584,-,Reference P_mexicana-1.0,-,-,LOC106904764
Sulfide Detox/Response,48701,106904828,MODEL,XM_014969316.1,961985689,XP_014824802.1,961985690,NW_015096538.1,961413866,11634,49261,+,Reference P_mexicana-1.0,-,-,LOC106904828
NuOX,48701,106904841,MODEL,XM_014969334.1,961806823,XP_014824820.1,961806824,NW_015094582.1,961418282,217620,218287,+,Reference P_mexicana-1.0,-,-,LOC106904841
NuOX,48701,106904843,MODEL,XM_014969332.1,961985747,XP_014824818.1,961985748,NW_015096541.1,961413860,95911,98073,-,Reference P_mexicana-1.0,-,-,LOC106904843
Sulfide Detox/Response,48701,106904945,MODEL,XM_014969495.1,961986395,XP_014824981.1,961986396,NW_015096559.1,961413820,87687,99064,+,Reference P_mexicana-1.0,-,-,LOC106904945
NuclearRef,48701,106905654,MODEL,XM_014970582.1,961990627,XP_014826068.1,961990628,NW_015096686.1,961413539,578,35669,+,Reference P_mexicana-1.0,-,-,LOC106905654
Sulfide Detox/Response,48701,106905797,MODEL,XM_014970785.1,961991416,XP_014826271.1,961991417,NW_015096719.1,961413468,62007,69085,-,Reference P_mexicana-1.0,-,-,LOC106905797
NuOX,48701,106905924,MODEL,XM_014970982.1,961992194,XP_014826468.1,961992195,NW_015096754.1,961413394,47479,83138,-,Reference P_mexicana-1.0,-,-,LOC106905924
Sulfide Detox/Response,48701,106905947,MODEL,XM_014971007.1,961992307,XP_014826493.1,961992308,NW_015096759.1,961413384,103123,145758,+,Reference P_mexicana-1.0,-,-,LOC106905947
Sulfide Detox/Response,48701,106905994,MODEL,XM_014971064.1,961992545,XP_014826550.1,961992546,NW_015096770.1,961413359,64989,65746,-,Reference P_mexicana-1.0,-,-,LOC106905994
Broughton,48701,106906168,MODEL,XM_014971318.1,961993551,XP_014826804.1,961993552,NW_015096801.1,961413292,57709,66275,-,Reference P_mexicana-1.0,-,-,LOC106906168
Broughton,48701,106906395,MODEL,XM_014971654.1,961994937,XP_014827140.1,961994938,NW_015096856.1,961413167,77486,81577,-,Reference P_mexicana-1.0,-,-,LOC106906395
Sulfide Detox/Response,48701,106907006,MODEL,XM_014972502.1,961998258,XP_014827988.1,961998259,NW_015096991.1,961412869,88610,101398,+,Reference P_mexicana-1.0,-,-,LOC106907006
Sulfide Detox/Response,48701,106907017,MODEL,XM_014972518.1,961998307,XP_014828004.1,961998308,NW_015096991.1,961412869,104856,117566,+,Reference P_mexicana-1.0,-,-,LOC106907017
Sulfide Detox/Response,48701,106907242,MODEL,XM_014972838.1,961999584,XP_014828324.1,961999585,NW_015097047.1,961412749,23951,34532,+,Reference P_mexicana-1.0,-,-,LOC106907242
Sulfide Detox/Response,48701,106907337,MODEL,XM_014972987.1,962000163,XP_014828473.1,962000164,NW_015097072.1,961412697,74228,76114,-,Reference P_mexicana-1.0,-,-,LOC106907337
Broughton,48701,106907446,MODEL,XM_014973146.1,962000791,XP_014828632.1,962000792,NW_015097095.1,961412648,56325,59533,-,Reference P_mexicana-1.0,-,-,LOC106907446
Sulfide Detox/Response,48701,106907556,MODEL,XM_014973331.1,962001519,XP_014828817.1,962001520,NW_015097124.1,961412584,1586,67441,-,Reference P_mexicana-1.0,-,-,LOC106907556
NuOX,48701,106907627,MODEL,XM_014973430.1,962001920,XP_014828916.1,962001921,NW_015097141.1,961412547,66456,68271,+,Reference P_mexicana-1.0,-,-,LOC106907627
Broughton,48701,106907764,MODEL,XM_014973613.1,962002604,XP_014829099.1,962002605,NW_015097168.1,961412495,46583,50935,-,Reference P_mexicana-1.0,-,-,LOC106907764
Sulfide Detox/Response,48701,106907844,MODEL,XM_014973720.1,962002997,XP_014829206.1,962002998,NW_015097183.1,961412461,69325,74136,+,Reference P_mexicana-1.0,-,-,LOC106907844
NuclearRef,48701,106908053,MODEL,XR_001415722.1,962004112,-,-,NW_015097234.1,961412350,53552,66525,-,Reference P_mexicana-1.0,-,-,LOC106908053
Sulfide Detox/Response,48701,106908428,MODEL,XM_014974517.1,962006082,XP_014830003.1,962006083,NW_015097340.1,961412117,31534,34573,-,Reference P_mexicana-1.0,-,-,LOC106908428
NuclearRef,48701,106908470,MODEL,XM_014974585.1,962006345,XP_014830071.1,962006346,NW_015097353.1,961412090,11673,44536,-,Reference P_mexicana-1.0,-,-,LOC106908470
Broughton,48701,106908645,MODEL,XM_014974792.1,962007110,XP_014830278.1,962007111,NW_015097409.1,961411970,31158,40671,+,Reference P_mexicana-1.0,-,-,LOC106908645
NuOX,48701,106908712,MODEL,XM_014974877.1,962007407,XP_014830363.1,962007408,NW_015097426.1,961411935,48471,50508,-,Reference P_mexicana-1.0,-,-,LOC106908712
NuOX,48701,106908883,MODEL,XM_014975128.1,962008414,XP_014830614.1,962008415,NW_015097484.1,961411809,53776,58814,+,Reference P_mexicana-1.0,-,-,LOC106908883
NuclearRef,48701,106908917,MODEL,XM_014975180.1,962008601,XP_014830666.1,962008602,NW_015097494.1,961411785,19500,29780,-,Reference P_mexicana-1.0,-,-,LOC106908917
Sulfide Detox/Response,48701,106908996,MODEL,XR_001415958.1,962009020,-,-,NW_015097520.1,961411725,37,14522,+,Reference P_mexicana-1.0,-,-,LOC106908996
NuclearRef,48701,106909062,MODEL,XM_014975365.1,962009345,XP_014830851.1,962009346,NW_015097539.1,961411685,51812,58357,-,Reference P_mexicana-1.0,-,-,LOC106909062
NuclearRef,48701,106909083,MODEL,XM_014975395.1,962009455,XP_014830881.1,962009456,NW_015097551.1,961411659,56321,58141,-,Reference P_mexicana-1.0,-,-,LOC106909083
Sulfide Detox/Response,48701,106909216,MODEL,XM_014975532.1,962010029,XP_014831018.1,962010030,NW_015097589.1,961411576,42198,51095,+,Reference P_mexicana-1.0,-,-,LOC106909216
Sulfide Detox/Response,48701,106909231,MODEL,XM_014975555.1,962010122,XP_014831041.1,962010123,NW_015097592.1,961411569,54705,58230,-,Reference P_mexicana-1.0,-,-,LOC106909231
Sulfide Detox/Response,48701,106909260,MODEL,XM_014975604.1,962010297,XP_014831090.1,962010298,NW_015097606.1,961411539,6851,25024,-,Reference P_mexicana-1.0,-,-,LOC106909260
NuclearRef,48701,106909487,MODEL,XM_014975858.1,962011322,XP_014831344.1,962011323,NW_015097687.1,961411360,22875,47853,+,Reference P_mexicana-1.0,-,-,LOC106909487
NuOX,48701,106909661,MODEL,XM_014976072.1,962012220,XP_014831558.1,962012221,NW_015097750.1,961411222,31362,38607,-,Reference P_mexicana-1.0,-,-,LOC106909661
Sulfide Detox/Response,48701,106910112,MODEL,XM_014976690.1,962014576,XP_014832176.1,962014577,NW_015097953.1,961410771,20912,22766,+,Reference P_mexicana-1.0,-,-,LOC106910112
Sulfide Detox/Response,48701,106910153,MODEL,XM_014976734.1,962014747,XP_014832220.1,962014748,NW_015097964.1,961410748,15155,17871,+,Reference P_mexicana-1.0,-,-,LOC106910153
NuclearRef,48701,106910200,MODEL,XM_014976781.1,962014946,XP_014832267.1,962014947,NW_015097987.1,961410691,90,21547,-,Reference P_mexicana-1.0,-,-,LOC106910200
NuOX,48701,106910278,MODEL,XM_014976876.1,962015329,XP_014832362.1,962015330,NW_015098022.1,961410618,6,2184,+,Reference P_mexicana-1.0,-,-,LOC106910278
Sulfide Detox/Response,48701,106910283,MODEL,XM_014976882.1,962015348,XP_014832368.1,962015349,NW_015098024.1,961410614,39333,46618,+,Reference P_mexicana-1.0,-,-,LOC106910283
NuOX,48701,106910367,MODEL,XM_014976981.1,962015761,XP_014832467.1,962015762,NW_015098053.1,961410548,33893,45414,+,Reference P_mexicana-1.0,-,-,LOC106910367
Sulfide Detox/Response,48701,106910378,MODEL,XM_014976993.1,962015810,XP_014832479.1,962015811,NW_015098059.1,961410536,32413,34542,-,Reference P_mexicana-1.0,-,-,LOC106910378
NuOX,48701,106910752,MODEL,XR_001416428.1,962017549,-,-,NW_015098224.1,961410197,32594,36847,-,Reference P_mexicana-1.0,-,-,LOC106910752
Sulfide Detox/Response,48701,106910994,MODEL,XM_014977731.1,961810815,XP_014833217.1,961810816,NW_015094601.1,961418236,297151,306939,-,Reference P_mexicana-1.0,-,-,LOC106910994
Broughton,48701,106911065,MODEL,XM_014977794.1,962019014,XP_014833280.1,962019015,NW_015098391.1,961409843,14045,24158,-,Reference P_mexicana-1.0,-,-,LOC106911065
Sulfide Detox/Response,48701,106911937,MODEL,XM_014978757.1,962022899,XP_014834243.1,962022900,NW_015098968.1,961408605,3690,15655,-,Reference P_mexicana-1.0,-,-,LOC106911937
NuOX,48701,106912163,MODEL,XM_014979000.1,962023933,XP_014834486.1,962023934,NW_015099181.1,961408159,5556,10645,+,Reference P_mexicana-1.0,-,-,LOC106912163
Sulfide Detox/Response,48701,106914065,MODEL,XM_014980622.1,961813736,XP_014836108.1,961813737,NW_015094619.1,961418190,19615,23580,-,Reference P_mexicana-1.0,-,-,LOC106914065
Sulfide Detox/Response,48701,106914066,MODEL,XM_014980623.1,961813740,XP_014836109.1,961813741,NW_015094619.1,961418190,24580,28741,-,Reference P_mexicana-1.0,-,-,LOC106914066
Sulfide Detox/Response,48701,106914095,MODEL,XM_014980671.1,961813928,XP_014836157.1,961813929,NW_015094620.1,961418188,18131,20682,+,Reference P_mexicana-1.0,-,-,LOC106914095
Sulfide Detox/Response,48701,106914136,MODEL,XM_014980779.1,961792807,XP_014836265.1,961792808,NW_015094518.1,961418439,967444,985189,-,Reference P_mexicana-1.0,-,-,LOC106914136
NuOX,48701,106914353,MODEL,XM_014981095.1,961792869,XP_014836581.1,961792870,NW_015094519.1,961418437,503472,504728,+,Reference P_mexicana-1.0,-,-,LOC106914353
Sulfide Detox/Response,48701,106914732,MODEL,XM_014981729.1,961829163,XP_014837215.1,961829164,NW_015094640.1,961418140,791270,800273,-,Reference P_mexicana-1.0,-,-,LOC106914732
Sulfide Detox/Response,48701,106914964,MODEL,XM_014982206.1,961830921,XP_014837692.1,961830922,NW_015094650.1,961418118,122215,132738,-,Reference P_mexicana-1.0,-,-,LOC106914964
Sulfide Detox/Response,48701,106915305,MODEL,XM_014982809.1,961833219,XP_014838295.1,961833220,NW_015094665.1,961418083,343593,350482,+,Reference P_mexicana-1.0,-,-,LOC106915305
Sulfide Detox/Response,48701,106915417,MODEL,XM_014983007.1,961833957,XP_014838493.1,961833958,NW_015094669.1,961418074,188047,200566,-,Reference P_mexicana-1.0,-,-,LOC106915417
Sulfide Detox/Response,48701,106915727,MODEL,XM_014983518.1,961835868,XP_014839004.1,961835869,NW_015094683.1,961418041,343,2372,-,Reference P_mexicana-1.0,-,-,LOC106915727
NuclearRef,48701,106915948,MODEL,XM_014983912.1,961837369,XP_014839398.1,961837370,NW_015094693.1,961418016,28821,38510,-,Reference P_mexicana-1.0,-,-,LOC106915948
Sulfide Detox/Response,48701,106916162,MODEL,XM_014984262.1,961793697,XP_014839748.1,961793698,NW_015094523.1,961418427,591956,598131,+,Reference P_mexicana-1.0,-,-,LOC106916162
NuclearRef,48701,106916177,MODEL,XM_014984296.1,961793709,XP_014839782.1,961793710,NW_015094523.1,961418427,544100,589896,-,Reference P_mexicana-1.0,-,-,LOC106916177
Sulfide Detox/Response,48701,106916298,MODEL,XM_014984496.1,961839613,XP_014839982.1,961839614,NW_015094707.1,961417984,249,4695,+,Reference P_mexicana-1.0,-,-,LOC106916298
NuclearRef,48701,106916312,MODEL,XM_014984539.1,961839774,XP_014840025.1,961839775,NW_015094707.1,961417984,163871,186473,+,Reference P_mexicana-1.0,-,-,LOC106916312
Sulfide Detox/Response,48701,106916420,MODEL,XM_014984708.1,961840409,XP_014840194.1,961840410,NW_015094713.1,961417970,104959,118737,-,Reference P_mexicana-1.0,-,-,LOC106916420
NuOX,48701,106916562,MODEL,XM_014984938.1,961841282,XP_014840424.1,961841283,NW_015094718.1,961417958,258564,261155,+,Reference P_mexicana-1.0,-,-,LOC106916562
Sulfide Detox/Response,48701,106917457,MODEL,XM_014986438.1,961794538,XP_014841924.1,961794539,NW_015094527.1,961418417,508045,523579,+,Reference P_mexicana-1.0,-,-,LOC106917457
Sulfide Detox/Response,48701,106917689,MODEL,XM_014986851.1,961848575,XP_014842337.1,961848576,NW_015094773.1,961417832,309148,314095,-,Reference P_mexicana-1.0,-,-,LOC106917689
Sulfide Detox/Response,48701,106917690,MODEL,XM_014986852.1,961848579,XP_014842338.1,961848580,NW_015094773.1,961417832,302277,307490,-,Reference P_mexicana-1.0,-,-,LOC106917690
Broughton,48701,106917932,MODEL,XM_014987243.1,961850156,XP_014842729.1,961850157,NW_015094785.1,961417804,35924,48797,-,Reference P_mexicana-1.0,-,-,LOC106917932
Sulfide Detox/Response,48701,106918210,MODEL,XM_014987781.1,961852207,XP_014843267.1,961852208,NW_015094800.1,961417773,250277,252487,+,Reference P_mexicana-1.0,-,-,LOC106918210
NuclearRef,48701,106918274,MODEL,XM_014987878.1,961852577,XP_014843364.1,961852578,NW_015094804.1,961417765,383727,389709,+,Reference P_mexicana-1.0,-,-,LOC106918274
Sulfide Detox/Response,48701,106918317,MODEL,XM_014987949.1,961852842,XP_014843435.1,961852843,NW_015094808.1,961417755,139189,144502,-,Reference P_mexicana-1.0,-,-,LOC106918317
Sulfide Detox/Response,48701,106918365,MODEL,XM_014988046.1,961853195,XP_014843532.1,961853196,NW_015094810.1,961417749,223393,232518,+,Reference P_mexicana-1.0,-,-,LOC106918365
Broughton,48701,106918416,MODEL,XM_014988136.1,961853546,XP_014843622.1,961853547,NW_015094813.1,961417742,44321,50988,+,Reference P_mexicana-1.0,-,-,LOC106918416
Sulfide Detox/Response,48701,106918488,MODEL,XM_014988310.1,961854204,XP_014843796.1,961854205,NW_015094817.1,961417733,243624,245104,+,Reference P_mexicana-1.0,-,-,LOC106918488
Sulfide Detox/Response,48701,106918524,MODEL,XM_014988372.1,961854430,XP_014843858.1,961854431,NW_015094818.1,961417731,352776,355705,+,Reference P_mexicana-1.0,-,-,LOC106918524
Sulfide Detox/Response,48701,106918525,MODEL,XM_014988373.1,961854434,XP_014843859.1,961854435,NW_015094818.1,961417731,360176,366396,+,Reference P_mexicana-1.0,-,-,LOC106918525
NuOX,48701,106918615,MODEL,XM_014988507.1,961854942,XP_014843993.1,961854943,NW_015094821.1,961417725,336678,339022,+,Reference P_mexicana-1.0,-,-,LOC106918615
Sulfide Detox/Response,48701,106918624,MODEL,XM_014988517.1,961854981,XP_014844003.1,961854982,NW_015094822.1,961417722,2447,6396,-,Reference P_mexicana-1.0,-,-,LOC106918624
Sulfide Detox/Response,48701,106919286,MODEL,XM_014989528.1,961795761,XP_014845014.1,961795762,NW_015094533.1,961418403,379570,383459,+,Reference P_mexicana-1.0,-,-,LOC106919286
Sulfide Detox/Response,48701,106919301,MODEL,XM_014989555.1,961795771,XP_014845041.1,961795772,NW_015094533.1,961418403,376620,379470,+,Reference P_mexicana-1.0,-,-,LOC106919301
NuOX,48701,106919459,MODEL,XM_014989835.1,961795874,XP_014845321.1,961795875,NW_015094534.1,961418400,737806,741012,+,Reference P_mexicana-1.0,-,-,LOC106919459
Sulfide Detox/Response,48701,106919693,MODEL,XM_014990234.1,961861561,XP_014845720.1,961861562,NW_015094884.1,961417575,155165,174055,+,Reference P_mexicana-1.0,-,-,LOC106919693
Sulfide Detox/Response,48701,106919951,MODEL,XM_014990638.1,961863151,XP_014846124.1,961863152,NW_015094902.1,961417531,131322,168849,-,Reference P_mexicana-1.0,-,-,LOC106919951
NuOX,48701,106919953,MODEL,XM_014990647.1,961863182,XP_014846133.1,961863183,NW_015094902.1,961417531,176804,182657,-,Reference P_mexicana-1.0,-,-,LOC106919953
NuOX,48701,106920448,MODEL,XM_014991464.1,961866226,XP_014846950.1,961866227,NW_015094933.1,961417459,150992,154178,+,Reference P_mexicana-1.0,-,-,LOC106920448
Sulfide Detox/Response,48701,106920571,MODEL,XM_014991681.1,961867058,XP_014847167.1,961867059,NW_015094942.1,961417439,15880,140631,-,Reference P_mexicana-1.0,-,-,LOC106920571
Sulfide Detox/Response,48701,106920921,MODEL,XM_014992260.1,961869240,XP_014847746.1,961869241,NW_015094966.1,961417385,72100,76673,-,Reference P_mexicana-1.0,-,-,LOC106920921
NuOX,48701,106921256,MODEL,XM_014992816.1,961871387,XP_014848302.1,961871388,NW_015094987.1,961417338,47232,49022,+,Reference P_mexicana-1.0,-,-,LOC106921256
NuclearRef,48701,106922010,MODEL,XM_014994082.1,961876216,XP_014849568.1,961876217,NW_015095041.1,961417208,91690,102714,+,Reference P_mexicana-1.0,-,-,LOC106922010
Sulfide Detox/Response,48701,106922034,MODEL,XM_014994128.1,961876378,XP_014849614.1,961876379,NW_015095042.1,961417206,155559,168429,+,Reference P_mexicana-1.0,-,-,LOC106922034
NuOX,48701,106922368,MODEL,XM_014994717.1,961878583,XP_014850203.1,961878584,NW_015095062.1,961417160,834,45132,+,Reference P_mexicana-1.0,-,-,LOC106922368
Sulfide Detox/Response,48701,106922687,MODEL,XM_014995317.1,961880867,XP_014850803.1,961880868,NW_015095087.1,961417101,248858,251913,-,Reference P_mexicana-1.0,-,-,LOC106922687
NuOX,48701,106923043,MODEL,XM_014995885.1,961883102,XP_014851371.1,961883103,NW_015095107.1,961417055,259318,262406,+,Reference P_mexicana-1.0,-,-,LOC106923043
Sulfide Detox/Response,48701,106923574,MODEL,XM_014996689.1,961886286,XP_014852175.1,961886287,NW_015095143.1,961416975,162557,163283,+,Reference P_mexicana-1.0,-,-,LOC106923574
Sulfide Detox/Response,48701,106923740,MODEL,XM_014996982.1,961887406,XP_014852468.1,961887407,NW_015095155.1,961416946,20147,21560,-,Reference P_mexicana-1.0,-,-,LOC106923740
Sulfide Detox/Response,48701,106923783,MODEL,XM_014997077.1,961887778,XP_014852563.1,961887779,NW_015095160.1,961416935,109430,196288,-,Reference P_mexicana-1.0,-,-,LOC106923783
Sulfide Detox/Response,48701,106923955,MODEL,XM_014997386.1,961888958,XP_014852872.1,961888959,NW_015095175.1,961416901,220175,231733,+,Reference P_mexicana-1.0,-,-,LOC106923955
NuOX,48701,106924223,MODEL,XM_014997808.1,961890557,XP_014853294.1,961890558,NW_015095192.1,961416858,269432,271467,-,Reference P_mexicana-1.0,-,-,LOC106924223
Sulfide Detox/Response,48701,106924224,MODEL,XM_014997809.1,961890561,XP_014853295.1,961890562,NW_015095192.1,961416858,272820,279449,-,Reference P_mexicana-1.0,-,-,LOC106924224
Broughton,48701,106924557,MODEL,XM_014998318.1,961892515,XP_014853804.1,961892516,NW_015095215.1,961416805,117512,129487,-,Reference P_mexicana-1.0,-,-,LOC106924557
NuOX,48701,106924719,MODEL,XM_014998561.1,961893464,XP_014854047.1,961893465,NW_015095226.1,961416781,153761,160865,-,Reference P_mexicana-1.0,-,-,LOC106924719
NuOX,48701,106924751,MODEL,XM_014998609.1,961893644,XP_014854095.1,961893645,NW_015095228.1,961416776,197439,200009,+,Reference P_mexicana-1.0,-,-,LOC106924751
Sulfide Detox/Response,48701,106924793,MODEL,XM_014998666.1,961893856,XP_014854152.1,961893857,NW_015095230.1,961416771,49952,67274,+,Reference P_mexicana-1.0,-,-,LOC106924793
Sulfide Detox/Response,48701,106925039,MODEL,XM_014999066.1,961895426,XP_014854552.1,961895427,NW_015095251.1,961416724,48090,67044,-,Reference P_mexicana-1.0,-,-,LOC106925039
Sulfide Detox/Response,48701,106925178,MODEL,XM_014999317.1,961896356,XP_014854803.1,961896357,NW_015095265.1,961416696,50048,60372,-,Reference P_mexicana-1.0,-,-,LOC106925178
Sulfide Detox/Response,48701,106925551,MODEL,XM_014999984.1,961898823,XP_014855470.1,961898824,NW_015095295.1,961416628,220812,230794,+,Reference P_mexicana-1.0,-,-,LOC106925551
Sulfide Detox/Response,48701,106925607,MODEL,XM_015000053.1,961899122,XP_014855539.1,961899123,NW_015095299.1,961416620,61468,68826,+,Reference P_mexicana-1.0,-,-,LOC106925607
NuOX,48701,106925632,MODEL,XM_015000076.1,961899242,XP_014855562.1,961899243,NW_015095303.1,961416611,56192,57860,-,Reference P_mexicana-1.0,-,-,LOC106925632
Broughton,48701,106925707,MODEL,XM_015000163.1,961899600,XP_014855649.1,961899601,NW_015095306.1,961416605,121054,125007,-,Reference P_mexicana-1.0,-,-,LOC106925707
Sulfide Detox/Response,48701,106925718,MODEL,XM_015000181.1,961899664,XP_014855667.1,961899665,NW_015095307.1,961416603,3769,8829,+,Reference P_mexicana-1.0,-,-,LOC106925718
Sulfide Detox/Response,48701,106925819,MODEL,XM_015000329.1,961900240,XP_014855815.1,961900241,NW_015095317.1,961416579,719,11033,-,Reference P_mexicana-1.0,-,-,LOC106925819
NuOX,48701,106925831,MODEL,XM_015000357.1,961900342,XP_014855843.1,961900343,NW_015095317.1,961416579,333487,346147,-,Reference P_mexicana-1.0,-,-,LOC106925831
NuOX,48701,106925976,MODEL,XM_015000574.1,961901142,XP_014856060.1,961901143,NW_015095327.1,961416556,251185,255509,+,Reference P_mexicana-1.0,-,-,LOC106925976
NuOX,48701,106926066,MODEL,XM_015000719.1,961901700,XP_014856205.1,961901701,NW_015095337.1,961416534,21988,24089,+,Reference P_mexicana-1.0,-,-,LOC106926066
NuclearRef,48701,106926178,MODEL,XM_015000911.1,961902441,XP_014856397.1,961902442,NW_015095344.1,961416516,164101,167199,-,Reference P_mexicana-1.0,-,-,LOC106926178
Broughton,48701,106926229,MODEL,XM_015001014.1,961902843,XP_014856500.1,961902844,NW_015095350.1,961416502,19470,24172,-,Reference P_mexicana-1.0,-,-,LOC106926229
Sulfide Detox/Response,48701,106926372,MODEL,XM_015001247.1,961903734,XP_014856733.1,961903735,NW_015095362.1,961416478,143283,192044,+,Reference P_mexicana-1.0,-,-,LOC106926372
Sulfide Detox/Response,48701,106926376,MODEL,XM_015001254.1,961903758,XP_014856740.1,961903759,NW_015095362.1,961416478,240931,242920,+,Reference P_mexicana-1.0,-,-,LOC106926376
NuclearRef,48701,106926427,MODEL,XM_015001333.1,961904070,XP_014856819.1,961904071,NW_015095371.1,961416460,35803,45770,-,Reference P_mexicana-1.0,-,-,LOC106926427
NuclearRef,48701,106926506,MODEL,XM_015001473.1,961904601,XP_014856959.1,961904602,NW_015095376.1,961416449,150934,162754,-,Reference P_mexicana-1.0,-,-,LOC106926506
Sulfide Detox/Response,48701,106926717,MODEL,XM_015001805.1,961905859,XP_014857291.1,961905860,NW_015095395.1,961416403,267202,298529,+,Reference P_mexicana-1.0,-,-,LOC106926717
NuclearRef,48701,106927218,MODEL,XM_015002623.1,961908989,XP_014858109.1,961908990,NW_015095440.1,961416302,249860,255954,-,Reference P_mexicana-1.0,-,-,LOC106927218
NuclearRef,48701,106927272,MODEL,XM_015002730.1,961909398,XP_014858216.1,961909399,NW_015095446.1,961416289,121326,133961,-,Reference P_mexicana-1.0,-,-,LOC106927272
Broughton,48701,106927491,MODEL,XM_015003112.1,961910834,XP_014858598.1,961910835,NW_015095463.1,961416253,153766,169512,-,Reference P_mexicana-1.0,-,-,LOC106927491
NuOX,48701,106927990,MODEL,XM_015003947.1,961913994,XP_014859433.1,961913995,NW_015095504.1,961416161,11804,327117,-,Reference P_mexicana-1.0,-,-,LOC106927990
NuOX,48701,106928075,MODEL,XM_015004114.1,961914611,XP_014859600.1,961914612,NW_015095510.1,961416148,116940,121588,-,Reference P_mexicana-1.0,-,-,LOC106928075
Broughton,48701,106928451,MODEL,XM_015004737.1,961801879,XP_014860223.1,961801880,NW_015094558.1,961418345,392972,411794,-,Reference P_mexicana-1.0,-,-,LOC106928451
Sulfide Detox/Response,48701,106928898,MODEL,XM_015005465.1,961919716,XP_014860951.1,961919717,NW_015095580.1,961415979,76514,86036,-,Reference P_mexicana-1.0,-,-,LOC106928898
Sulfide Detox/Response,48701,106928913,MODEL,XM_015005500.1,961919853,XP_014860986.1,961919854,NW_015095582.1,961415974,305327,309914,-,Reference P_mexicana-1.0,-,-,LOC106928913
Broughton,48701,106928983,MODEL,XM_015005615.1,961920277,XP_014861101.1,961920278,NW_015095587.1,961415963,200967,211252,-,Reference P_mexicana-1.0,-,-,LOC106928983
Broughton,48701,106929034,MODEL,XM_015005697.1,961920590,XP_014861183.1,961920591,NW_015095591.1,961415955,41999,50735,-,Reference P_mexicana-1.0,-,-,LOC106929034
Broughton,48701,106929038,MODEL,XM_015005714.1,961802295,XP_014861200.1,961802296,NW_015094560.1,961418340,181126,189173,-,Reference P_mexicana-1.0,-,-,LOC106929038
Sulfide Detox/Response,48701,106929125,MODEL,XM_015005806.1,961921048,XP_014861292.1,961921049,NW_015095602.1,961415931,169226,182742,+,Reference P_mexicana-1.0,-,-,LOC106929125
NuOX,48701,106929231,MODEL,XR_001420627.1,961921732,-,-,NW_015095614.1,961415904,118195,119533,-,Reference P_mexicana-1.0,-,-,LOC106929231
Sulfide Detox/Response,48701,106929268,MODEL,XM_015006074.1,961922052,XP_014861560.1,961922053,NW_015095619.1,961415893,16,111119,-,Reference P_mexicana-1.0,-,-,LOC106929268
Broughton,48701,106929519,MODEL,XM_015006517.1,961923645,XP_014862003.1,961923646,NW_015095648.1,961415833,147477,153899,-,Reference P_mexicana-1.0,-,-,LOC106929519
NuOX,48701,106929613,MODEL,XM_015006672.1,961924221,XP_014862158.1,961924222,NW_015095658.1,961415811,84404,87089,+,Reference P_mexicana-1.0,-,-,LOC106929613
Sulfide Detox/Response,48701,106929633,MODEL,XM_015006703.1,961924336,XP_014862189.1,961924337,NW_015095661.1,961415805,82700,90251,-,Reference P_mexicana-1.0,-,-,LOC106929633
Sulfide Detox/Response,48701,106930101,MODEL,XM_015007441.1,961927195,XP_014862927.1,961927196,NW_015095713.1,961415689,184879,189960,+,Reference P_mexicana-1.0,-,-,LOC106930101
Sulfide Detox/Response,48701,106930102,MODEL,XR_001420779.1,961927203,-,-,NW_015095713.1,961415689,190240,194660,+,Reference P_mexicana-1.0,-,-,LOC106930102
NuclearRef,48701,106930240,MODEL,XM_015007673.1,961928090,XP_014863159.1,961928091,NW_015095730.1,961415650,301044,325117,+,Reference P_mexicana-1.0,-,-,LOC106930240
NuclearRef,48701,106930515,MODEL,XM_015008110.1,961929772,XP_014863596.1,961929773,NW_015095755.1,961415596,152683,157078,+,Reference P_mexicana-1.0,-,-,LOC106930515
NuOX,48701,106930666,MODEL,XM_015008350.1,961930684,XP_014863836.1,961930685,NW_015095776.1,961415551,12495,15237,+,Reference P_mexicana-1.0,-,-,LOC106930666
Sulfide Detox/Response,48701,106930846,MODEL,XM_015008689.1,961803536,XP_014864175.1,961803537,NW_015094564.1,961418331,712440,779567,+,Reference P_mexicana-1.0,-,-,LOC106930846
NuclearRef,48701,106930911,MODEL,XM_015008769.1,961932273,XP_014864255.1,961932274,NW_015095817.1,961415461,170233,179792,+,Reference P_mexicana-1.0,-,-,LOC106930911
Sulfide Detox/Response,48701,106931419,MODEL,XM_015009545.1,961935299,XP_014865031.1,961935300,NW_015095876.1,961415337,157445,164204,-,Reference P_mexicana-1.0,-,-,LOC106931419
Sulfide Detox/Response,48701,106931850,MODEL,XM_015010211.1,961937903,XP_014865697.1,961937904,NW_015095932.1,961415218,12522,30998,+,Reference P_mexicana-1.0,-,-,LOC106931850
NuclearRef,48701,106932473,MODEL,XM_015011196.1,961941654,XP_014866682.1,961941655,NW_015096012.1,961415051,25252,37072,-,Reference P_mexicana-1.0,-,-,LOC106932473
Broughton,48701,106932681,MODEL,XM_015011489.1,961942804,XP_014866975.1,961942805,NW_015096038.1,961414991,202880,210728,-,Reference P_mexicana-1.0,-,-,LOC106932681
Sulfide Detox/Response,48701,106932843,MODEL,XM_015011769.1,961943828,XP_014867255.1,961943829,NW_015096055.1,961414951,25943,150618,-,Reference P_mexicana-1.0,-,-,LOC106932843
Sulfide Detox/Response,48701,106932961,MODEL,XM_015011936.1,961944486,XP_014867422.1,961944487,NW_015096073.1,961414913,138944,174661,-,Reference P_mexicana-1.0,-,-,LOC106932961
NuOX,48701,106932977,MODEL,XM_015011965.1,961944602,XP_014867451.1,961944603,NW_015096076.1,961414907,62408,64576,+,Reference P_mexicana-1.0,-,-,LOC106932977
Sulfide Detox/Response,48701,106933271,MODEL,XM_015012410.1,961946316,XP_014867896.1,961946317,NW_015096112.1,961414825,197647,229117,-,Reference P_mexicana-1.0,-,-,LOC106933271
NuclearRef,48701,106933460,MODEL,XM_015012729.1,961947543,XP_014868215.1,961947544,NW_015096141.1,961414760,113903,120848,+,Reference P_mexicana-1.0,-,-,LOC106933460
NuOX,48701,106933601,MODEL,XM_015012951.1,961948372,XP_014868437.1,961948373,NW_015096164.1,961414709,92774,103989,+,Reference P_mexicana-1.0,-,-,LOC106933601
NuOX,48701,106933636,MODEL,XM_015013017.1,961948606,XP_014868503.1,961948607,NW_015096168.1,961414701,154616,164672,-,Reference P_mexicana-1.0,-,-,LOC106933636
NuclearRef,48701,106934085,MODEL,XM_015013763.1,961958368,XP_014869249.1,961958369,NW_015096237.1,961414551,137680,148503,-,Reference P_mexicana-1.0,-,-,LOC106934085
NuclearRef,48701,106924901,MODEL,XM_014998848.1,961894562,XP_014854334.1,961894563,NW_015095239.1,961416751,230250,234829,-,Reference P_mexicana-1.0,-,-,mcee
Broughton,48701,106930889,MODEL,XM_015008717.1,961932072,XP_014864203.1,961932073,NW_015095813.1,961415469,144074,153928,-,Reference P_mexicana-1.0,-,-,mcm2
Broughton,48701,106932946,MODEL,XM_015011917.1,961944408,XP_014867403.1,961944409,NW_015096071.1,961414917,116434,128252,+,Reference P_mexicana-1.0,-,-,mcm7
Sulfide Detox/Response,48701,106916952,MODEL,XM_014985577.1,961843749,XP_014841063.1,961843750,NW_015094738.1,961417910,149795,161902,+,Reference P_mexicana-1.0,-,-,me2
NuclearRef,48701,106907665,MODEL,XM_014973484.1,962002117,XP_014828970.1,962002118,NW_015097145.1,961412539,44105,51448,+,Reference P_mexicana-1.0,-,-,mettl17
Sulfide Detox/Response,48701,106926861,MODEL,XM_015002027.1,961906707,XP_014857513.1,961906708,NW_015095409.1,961416371,225137,248123,-,Reference P_mexicana-1.0,-,-,mgst1
Sulfide Detox/Response,48701,106912438,MODEL,XM_014979258.1,962024999,XP_014834744.1,962025000,NW_015099421.1,961407661,6,3514,+,Reference P_mexicana-1.0,-,-,mgst2
Sulfide Detox/Response,48701,106922836,MODEL,XM_014995559.1,961881780,XP_014851045.1,961881781,NW_015095096.1,961417080,165643,167660,+,Reference P_mexicana-1.0,-,-,mgst3
NuclearRef,48701,106931924,MODEL,XM_015010338.1,961804215,XP_014865824.1,961804216,NW_015094567.1,961418324,615038,656153,+,Reference P_mexicana-1.0,-,-,micu1
NuclearRef,48701,106918421,MODEL,XM_014988169.1,961795227,XP_014843655.1,961795228,NW_015094531.1,961418407,1055099,1058636,+,Reference P_mexicana-1.0,-,-,mmab
Sulfide Detox/Response,48701,106920743,MODEL,XM_014991950.1,961796727,XP_014847436.1,961796728,NW_015094537.1,961418394,112308,116641,+,Reference P_mexicana-1.0,-,-,mmachc
Sulfide Detox/Response,48701,106915373,MODEL,XM_014982929.1,961833671,XP_014838415.1,961833672,NW_015094667.1,961418079,269700,281928,-,Reference P_mexicana-1.0,-,-,mrc1
Sulfide Detox/Response,48701,106927717,MODEL,XM_015003472.1,961912227,XP_014858958.1,961912228,NW_015095478.1,961416218,46331,73573,-,Reference P_mexicana-1.0,-,-,mrc2
NuclearRef,48701,106928911,MODEL,XM_015005493.1,961919829,XP_014860979.1,961919830,NW_015095581.1,961415977,101353,108918,+,Reference P_mexicana-1.0,-,-,mrpl30
NuclearRef,48701,106919379,MODEL,XM_014989682.1,961859438,XP_014845168.1,961859439,NW_015094866.1,961417615,199829,202029,+,Reference P_mexicana-1.0,-,-,mrpl42
NuclearRef,48701,106918841,MODEL,XM_014988881.1,961856391,XP_014844367.1,961856392,NW_015094834.1,961417696,379865,382361,+,Reference P_mexicana-1.0,-,-,mrpl52
NuclearRef,48701,106907099,MODEL,XM_014972644.1,961808281,XP_014828130.1,961808282,NW_015094588.1,961418268,247885,250871,+,Reference P_mexicana-1.0,-,-,mrps2
NuclearRef,48701,106905580,MODEL,XM_014970477.1,961990205,XP_014825963.1,961990206,NW_015096673.1,961413566,54227,55718,-,Reference P_mexicana-1.0,-,-,mrps25
NuclearRef,48701,106920537,MODEL,XM_014991582.1,961866711,XP_014847068.1,961866712,NW_015094939.1,961417446,28573,35599,+,Reference P_mexicana-1.0,-,-,mrps9
NuclearRef,48701,106912189,MODEL,XM_014979016.1,962024004,XP_014834502.1,962024005,NW_015099207.1,961408106,149,16765,+,Reference P_mexicana-1.0,-,-,mtx2
NuclearRef,48701,106907295,MODEL,XM_014972910.1,961999889,XP_014828396.1,961999890,NW_015097062.1,961412718,45812,54029,+,Reference P_mexicana-1.0,-,-,nars
Sulfide Detox/Response,48701,106932174,MODEL,XM_015010732.1,961939859,XP_014866218.1,961939860,NW_015095973.1,961415136,147294,161328,+,Reference P_mexicana-1.0,-,-,nat8l
Broughton,48701,106922112,MODEL,XM_014994270.1,961876889,XP_014849756.1,961876890,NW_015095048.1,961417192,12886,22658,-,Reference P_mexicana-1.0,-,-,ndc80
NuOX,48701,106915310,MODEL,XM_014982816.1,961833243,XP_014838302.1,961833244,NW_015094665.1,961418083,457005,458241,-,Reference P_mexicana-1.0,-,-,ndufa1
NuOX,48701,106932051,MODEL,XM_015010525.1,961939100,XP_014866011.1,961939101,NW_015095958.1,961415163,137216,140736,+,Reference P_mexicana-1.0,-,-,ndufa11
NuOX,48701,106926130,MODEL,XM_015000809.1,961902060,XP_014856295.1,961902061,NW_015095340.1,961416527,378393,380309,-,Reference P_mexicana-1.0,-,-,ndufa12
NuOX,48701,106933327,MODEL,XM_015012494.1,961946643,XP_014867980.1,961946644,NW_015096120.1,961414808,89130,91698,+,Reference P_mexicana-1.0,-,-,ndufa13
NuOX,48701,106925372,MODEL,XM_014999671.1,961897695,XP_014855157.1,961897696,NW_015095281.1,961416660,38449,39526,-,Reference P_mexicana-1.0,-,-,ndufa3
NuOX,48701,106906534,MODEL,XM_014971849.1,961995696,XP_014827335.1,961995697,NW_015096890.1,961413088,36501,39343,-,Reference P_mexicana-1.0,-,-,ndufa5
NuOX,48701,106915494,MODEL,XM_014983122.1,961834381,XP_014838608.1,961834382,NW_015094673.1,961418064,436940,438730,+,Reference P_mexicana-1.0,-,-,ndufa6
NuOX,48701,106914020,MODEL,XM_014980519.1,961813337,XP_014836005.1,961813338,NW_015094616.1,961418197,264876,266636,+,Reference P_mexicana-1.0,-,-,ndufa7
NuOX,48701,106915605,MODEL,XM_014983305.1,961835060,XP_014838791.1,961835061,NW_015094678.1,961418052,240630,245702,+,Reference P_mexicana-1.0,-,-,ndufa8
NuOX,48701,106926157,MODEL,XM_015000871.1,961902286,XP_014856357.1,961902287,NW_015095342.1,961416522,140776,149171,-,Reference P_mexicana-1.0,-,-,ndufa9
NuOX,48701,106915214,MODEL,XM_014982665.1,961832673,XP_014838151.1,961832674,NW_015094661.1,961418092,258855,261180,+,Reference P_mexicana-1.0,-,-,ndufab1
NuOX,48701,106914072,MODEL,XM_014980631.1,961813768,XP_014836117.1,961813769,NW_015094619.1,961418190,93296,95051,+,Reference P_mexicana-1.0,-,-,ndufb10
NuOX,48701,106926581,MODEL,XM_015001584.1,961904994,XP_014857070.1,961904995,NW_015095380.1,961416440,159820,162475,-,Reference P_mexicana-1.0,-,-,ndufb11
NuOX,48701,106932357,MODEL,XM_015011016.1,961940978,XP_014866502.1,961940979,NW_015095997.1,961415083,21098,23753,-,Reference P_mexicana-1.0,-,-,ndufb3
NuOX,48701,106915726,MODEL,XM_014983516.1,961835864,XP_014839002.1,961835865,NW_015094682.1,961418043,434462,441365,-,Reference P_mexicana-1.0,-,-,ndufb4
NuOX,48701,106930003,MODEL,XM_015007293.1,961926628,XP_014862779.1,961926629,NW_015095704.1,961415708,232791,237208,+,Reference P_mexicana-1.0,-,-,ndufb5
NuOX,48701,106922056,MODEL,XM_014994163.1,961876524,XP_014849649.1,961876525,NW_015095042.1,961417206,453565,455343,-,Reference P_mexicana-1.0,-,-,ndufb7
NuOX,48701,106910639,MODEL,XM_014977318.1,962017032,XP_014832804.1,962017033,NW_015098180.1,961410287,21168,23637,-,Reference P_mexicana-1.0,-,-,ndufc1
NuOX,48701,106926434,MODEL,XM_015001348.1,961904129,XP_014856834.1,961904130,NW_015095371.1,961416460,99877,112186,+,Reference P_mexicana-1.0,-,-,ndufs1
NuOX,48701,106920526,MODEL,XM_014991577.1,961866674,XP_014847063.1,961866675,NW_015094937.1,961417450,345256,351279,+,Reference P_mexicana-1.0,-,-,ndufs2
NuOX,48701,106933272,MODEL,XM_015012411.1,961946318,XP_014867897.1,961946319,NW_015096112.1,961414825,7992,28324,+,Reference P_mexicana-1.0,-,-,ndufs4
NuOX,48701,106927366,MODEL,XM_015002933.1,961792214,XP_014858419.1,961792215,NW_015094513.1,961418452,1068036,1081069,-,Reference P_mexicana-1.0,-,-,ndufs5
NuOX,48701,106924525,MODEL,XM_014998273.1,961799279,XP_014853759.1,961799280,NW_015094545.1,961418376,481110,483951,+,Reference P_mexicana-1.0,-,-,ndufs6
NuOX,48701,106920104,MODEL,XM_014990923.1,961864217,XP_014846409.1,961864218,NW_015094911.1,961417511,57040,64104,-,Reference P_mexicana-1.0,-,-,ndufs7
NuOX,48701,106924940,MODEL,XM_014998908.1,961894814,XP_014854394.1,961894815,NW_015095243.1,961416742,160258,167071,-,Reference P_mexicana-1.0,-,-,ndufs8
NuOX,48701,106921610,MODEL,XM_014993398.1,961873613,XP_014848884.1,961873614,NW_015095008.1,961417287,208136,216888,+,Reference P_mexicana-1.0,-,-,ndufv2
NuOX,48701,106904183,MODEL,XM_014968385.1,961980430,XP_014823871.1,961980431,NW_015096422.1,961414142,46081,55525,+,Reference P_mexicana-1.0,-,-,ndufv3
Sulfide Detox/Response,48701,106928635,MODEL,XM_015005021.1,961917998,XP_014860507.1,961917999,NW_015095553.1,961416043,165889,172342,-,Reference P_mexicana-1.0,-,-,nfs1
Broughton,48701,106927009,MODEL,XM_015002280.1,961907679,XP_014857766.1,961907680,NW_015095422.1,961416344,57355,86971,+,Reference P_mexicana-1.0,-,-,nfyc
Broughton,48701,106931331,MODEL,XM_015009392.1,961934729,XP_014864878.1,961934730,NW_015095864.1,961415363,214892,222964,+,Reference P_mexicana-1.0,-,-,nop56
Sulfide Detox/Response,48701,106914171,MODEL,XM_014980796.1,961815933,XP_014836282.1,961815934,NW_015094622.1,961418182,255857,258963,+,Reference P_mexicana-1.0,-,-,nudt8
Broughton,48701,106921215,MODEL,XM_014992742.1,961871112,XP_014848228.1,961871113,NW_015094985.1,961417342,250446,253837,+,Reference P_mexicana-1.0,-,-,odc1
NuclearRef,48701,106932084,MODEL,XM_015010581.1,961939304,XP_014866067.1,961939305,NW_015095963.1,961415153,75481,79102,-,Reference P_mexicana-1.0,-,-,ogg1
NuclearRef,48701,106918558,MODEL,XM_014988458.1,961791922,XP_014843944.1,961791923,NW_015094512.1,961418455,384548,387512,+,Reference P_mexicana-1.0,-,-,opa3
NuclearRef,48701,106915274,MODEL,XM_014982749.1,961833006,XP_014838235.1,961833007,NW_015094664.1,961418086,388328,430467,+,Reference P_mexicana-1.0,-,-,oxct1
NuclearRef,48701,106919353,MODEL,XM_014989642.1,961795804,XP_014845128.1,961795805,NW_015094533.1,961418403,535573,541752,-,Reference P_mexicana-1.0,-,-,pank2
Sulfide Detox/Response,48701,106925483,MODEL,XM_014999861.1,961898398,XP_014855347.1,961898399,NW_015095290.1,961416639,20895,230625,-,Reference P_mexicana-1.0,-,-,pc
Sulfide Detox/Response,48701,106933827,MODEL,XM_015013325.1,961951814,XP_014868811.1,961951815,NW_015096199.1,961414631,117828,122281,+,Reference P_mexicana-1.0,-,-,pdk1
Sulfide Detox/Response,48701,106915720,MODEL,XM_014983505.1,961835825,XP_014838991.1,961835826,NW_015094682.1,961418043,301438,314514,+,Reference P_mexicana-1.0,-,-,pdk3
Sulfide Detox/Response,48701,106923967,MODEL,XM_014997405.1,961889032,XP_014852891.1,961889033,NW_015095176.1,961416898,13750,21429,+,Reference P_mexicana-1.0,-,-,pdk4
NuclearRef,48701,106922930,MODEL,XM_014995698.1,961882350,XP_014851184.1,961882351,NW_015095102.1,961417067,40281,83534,+,Reference P_mexicana-1.0,-,-,pdss2
Broughton,48701,106909659,MODEL,XM_014976070.1,962012212,XP_014831556.1,962012213,NW_015097750.1,961411222,16562,26651,-,Reference P_mexicana-1.0,-,-,pgk1
NuclearRef,48701,106927465,MODEL,XM_015003058.1,961910624,XP_014858544.1,961910625,NW_015095462.1,961416255,181624,210630,+,Reference P_mexicana-1.0,-,-,pgs1
Sulfide Detox/Response,48701,106930166,MODEL,XM_015007560.1,961927648,XP_014863046.1,961927649,NW_015095720.1,961415673,58793,72816,+,Reference P_mexicana-1.0,-,-,piga
Broughton,48701,106928652,MODEL,XM_015005059.1,961918143,XP_014860545.1,961918144,NW_015095554.1,961416041,42536,59659,+,Reference P_mexicana-1.0,-,-,pkd2
Broughton,48701,106904115,MODEL,XM_014968273.1,961979569,XP_014823759.1,961979570,NW_015096413.1,961414161,87396,93388,-,Reference P_mexicana-1.0,-,-,plrg1
Broughton,48701,106903282,MODEL,XM_014966977.1,961966899,XP_014822463.1,961966900,NW_015096288.1,961414441,190994,219458,+,Reference P_mexicana-1.0,-,-,polr1a
Broughton,48701,106914313,MODEL,XM_014981034.1,961826452,XP_014836520.1,961826453,NW_015094625.1,961418176,316617,319237,+,Reference P_mexicana-1.0,-,-,polr2d
NuOX,48701,106910546,MODEL,XM_014977216.1,962016629,XP_014832702.1,962016630,NW_015098137.1,961410378,37175,40580,-,Reference P_mexicana-1.0,-,-,popdc3
Broughton,48701,106907765,MODEL,XM_014973614.1,962002608,XP_014829100.1,962002609,NW_015097168.1,961412495,23233,26106,-,Reference P_mexicana-1.0,-,-,ppie
NuclearRef,48701,106922686,MODEL,XM_014995320.1,961798091,XP_014850806.1,961798092,NW_015094540.1,961418388,235516,238393,-,Reference P_mexicana-1.0,-,-,prdx5
Broughton,48701,106917888,MODEL,XM_014987184.1,961849919,XP_014842670.1,961849920,NW_015094783.1,961417808,161601,174790,-,Reference P_mexicana-1.0,-,-,prpf3
Broughton,48701,106929431,MODEL,XM_015006387.1,961923164,XP_014861873.1,961923165,NW_015095638.1,961415851,148001,162136,+,Reference P_mexicana-1.0,-,-,psmc6
Sulfide Detox/Response,48701,106930106,MODEL,XM_015007457.1,961927260,XP_014862943.1,961927261,NW_015095713.1,961415689,134818,145608,-,Reference P_mexicana-1.0,-,-,ptges
NuclearRef,48701,106924847,MODEL,XM_014998746.1,961894169,XP_014854232.1,961894170,NW_015095234.1,961416763,114701,117732,+,Reference P_mexicana-1.0,-,-,pts
NuclearRef,48701,106917547,MODEL,XM_014986595.1,961847627,XP_014842081.1,961847628,NW_015094768.1,961417843,436975,446334,+,Reference P_mexicana-1.0,-,-,pycr1
Sulfide Detox/Response,48701,106917065,MODEL,XM_014985785.1,961794271,XP_014841271.1,961794272,NW_015094525.1,961418421,889212,904096,+,Reference P_mexicana-1.0,-,-,racgap1
Broughton,48701,106923228,MODEL,XM_014996159.1,961884205,XP_014851645.1,961884206,NW_015095118.1,961417031,214320,221873,-,Reference P_mexicana-1.0,-,-,rae1
Broughton,48701,106919446,MODEL,XM_014989806.1,961859912,XP_014845292.1,961859913,NW_015094870.1,961417606,133768,139581,-,Reference P_mexicana-1.0,-,-,rfc5
Broughton,48701,106929842,MODEL,XM_015007011.1,961925550,XP_014862497.1,961925551,NW_015095685.1,961415749,146574,152752,-,Reference P_mexicana-1.0,-,-,rpl13a
Broughton,48701,106925180,MODEL,XM_014999320.1,961896367,XP_014854806.1,961896368,NW_015095265.1,961416696,26589,30377,-,Reference P_mexicana-1.0,-,-,rpl24
Broughton,48701,106931070,MODEL,XM_015009013.1,961933209,XP_014864499.1,961933210,NW_015095834.1,961415427,84776,87582,-,Reference P_mexicana-1.0,-,-,rpl28
NuOX,48701,106905215,MODEL,XM_014969898.1,961807070,XP_014825384.1,961807071,NW_015094583.1,961418280,247154,249197,+,Reference P_mexicana-1.0,-,-,rpl31
Broughton,48701,106903937,MODEL,XM_014967982.1,961977238,XP_014823468.1,961977239,NW_015096384.1,961414223,108323,111316,+,Reference P_mexicana-1.0,-,-,rpl35
Broughton,48701,106931894,MODEL,XM_015010269.1,961938148,XP_014865755.1,961938149,NW_015095938.1,961415206,24221,28613,-,Reference P_mexicana-1.0,-,-,rpl7
Broughton,48701,106918910,MODEL,XM_014988988.1,961856749,XP_014844474.1,961856750,NW_015094838.1,961417686,664734,668179,-,Reference P_mexicana-1.0,-,-,rpl8
Broughton,48701,106925144,MODEL,XM_014999259.1,961896158,XP_014854745.1,961896159,NW_015095261.1,961416704,228844,231280,+,Reference P_mexicana-1.0,-,-,rps11
Broughton,48701,106905337,MODEL,XM_014970127.1,961988856,XP_014825613.1,961988857,NW_015096631.1,961413656,52636,55760,-,Reference P_mexicana-1.0,-,-,rps15
NuOX,48701,106926714,MODEL,XM_015001803.1,961905848,XP_014857289.1,961905849,NW_015095395.1,961416403,216259,221130,-,Reference P_mexicana-1.0,-,-,rps15a
Broughton,48701,106929977,MODEL,XM_015007253.1,961926479,XP_014862739.1,961926480,NW_015095703.1,961415710,156856,160071,+,Reference P_mexicana-1.0,-,-,rps18
Broughton,48701,106914690,MODEL,XM_014981654.1,961828863,XP_014837140.1,961828864,NW_015094638.1,961418145,413394,418524,+,Reference P_mexicana-1.0,-,-,rps4x
Broughton,48701,106928142,MODEL,XM_015004200.1,961914948,XP_014859686.1,961914949,NW_015095516.1,961416135,136736,140992,+,Reference P_mexicana-1.0,-,-,rps5
Sulfide Detox/Response,48701,106924000,MODEL,XM_014997462.1,961889253,XP_014852948.1,961889254,NW_015095178.1,961416893,44259,72159,+,Reference P_mexicana-1.0,-,-,sat2
NuOX,48701,106928709,MODEL,XM_015005156.1,961918510,XP_014860642.1,961918511,NW_015095560.1,961416027,42358,50360,-,Reference P_mexicana-1.0,-,-,sdha
NuOX,48701,106933344,MODEL,XM_015012532.1,961946777,XP_014868018.1,961946778,NW_015096122.1,961414804,105340,112756,-,Reference P_mexicana-1.0,-,-,sdhc
NuclearRef,48701,106925644,MODEL,XM_015000088.1,961899297,XP_014855574.1,961899298,NW_015095303.1,961416611,191890,202425,-,Reference P_mexicana-1.0,-,-,sfxn1
Sulfide Detox/Response,48701,106916702,MODEL,XM_014985176.1,961842199,XP_014840662.1,961842200,NW_015094725.1,961417940,295973,305998,+,Reference P_mexicana-1.0,-,-,skp1
Sulfide Detox/Response,48701,106909971,MODEL,XM_014976503.1,961810178,XP_014831989.1,961810179,NW_015094599.1,961418241,240146,272373,+,Reference P_mexicana-1.0,-,-,slc13a4
Sulfide Detox/Response,48701,106927743,MODEL,XM_015003503.1,961912342,XP_014858989.1,961912343,NW_015095479.1,961416216,99392,109321,-,Reference P_mexicana-1.0,-,-,slc13a5
Sulfide Detox/Response,48701,106930206,MODEL,XM_015007622.1,961927901,XP_014863108.1,961927902,NW_015095727.1,961415657,87881,103290,-,Reference P_mexicana-1.0,-,-,slc16a3
Sulfide Detox/Response,48701,106922723,MODEL,XR_001419253.1,961881128,-,-,NW_015095089.1,961417097,206868,224785,-,Reference P_mexicana-1.0,-,-,slc16a7
Sulfide Detox/Response,48701,106928485,MODEL,XM_015004762.1,961917029,XP_014860248.1,961917030,NW_015095541.1,961416071,34201,45835,+,Reference P_mexicana-1.0,-,-,slc25a10
NuclearRef,48701,106930764,MODEL,XM_015008527.1,961931347,XP_014864013.1,961931348,NW_015095795.1,961415508,134981,149684,-,Reference P_mexicana-1.0,-,-,slc25a22
Broughton,48701,106919309,MODEL,XM_014989553.1,961858957,XP_014845039.1,961858958,NW_015094863.1,961417622,316348,318700,-,Reference P_mexicana-1.0,-,-,slc25a4
Sulfide Detox/Response,48701,106917553,MODEL,XM_014986617.1,961847707,XP_014842103.1,961847708,NW_015094768.1,961417843,573673,580034,+,Reference P_mexicana-1.0,-,-,slc26a11
Sulfide Detox/Response,48701,106924216,MODEL,XM_014997800.1,961890528,XP_014853286.1,961890529,NW_015095191.1,961416861,138694,147567,+,Reference P_mexicana-1.0,-,-,slc26a2
Sulfide Detox/Response,48701,106926617,MODEL,XM_015001657.1,961905256,XP_014857143.1,961905257,NW_015095384.1,961416431,19955,43224,+,Reference P_mexicana-1.0,-,-,slc26a3
Sulfide Detox/Response,48701,106929368,MODEL,XM_015006257.1,961802522,XP_014861743.1,961802523,NW_015094561.1,961418338,161653,180410,-,Reference P_mexicana-1.0,-,-,slc26a5
Sulfide Detox/Response,48701,106922583,MODEL,XM_014995141.1,961880164,XP_014850627.1,961880165,NW_015095080.1,961417117,135068,154677,-,Reference P_mexicana-1.0,-,-,slc26a6
Sulfide Detox/Response,48701,106915622,MODEL,XM_014983326.1,961835145,XP_014838812.1,961835146,NW_015094679.1,961418050,29787,42332,+,Reference P_mexicana-1.0,-,-,slc27a1
Sulfide Detox/Response,48701,106918329,MODEL,XM_014987976.1,961852940,XP_014843462.1,961852941,NW_015094808.1,961417755,354344,383707,-,Reference P_mexicana-1.0,-,-,slc27a4
NuclearRef,48701,106932127,MODEL,XM_015010677.1,961804342,XP_014866163.1,961804343,NW_015094568.1,961418322,202378,204139,-,Reference P_mexicana-1.0,-,-,slirp
Sulfide Detox/Response,48701,106904021,MODEL,XM_014968093.1,961978137,XP_014823579.1,961978138,NW_015096398.1,961414192,114288,116839,+,Reference P_mexicana-1.0,-,-,sod1
Sulfide Detox/Response,48701,106906518,MODEL,XM_014971825.1,961995622,XP_014827311.1,961995623,NW_015096883.1,961413104,7175,9986,+,Reference P_mexicana-1.0,-,-,sod2
Sulfide Detox/Response,48701,106932639,MODEL,XM_015011438.1,961942602,XP_014866924.1,961942603,NW_015096034.1,961415000,82682,97532,-,Reference P_mexicana-1.0,-,-,sqor
Broughton,48701,106918960,MODEL,XM_014989065.1,961857036,XP_014844551.1,961857037,NW_015094842.1,961417676,35751,50151,+,Reference P_mexicana-1.0,-,-,srp68
NuclearRef,48701,106933817,MODEL,XM_015013310.1,961951679,XP_014868796.1,961951680,NW_015096198.1,961414633,90299,93511,+,Reference P_mexicana-1.0,-,-,star
NuclearRef,48701,106921597,MODEL,XM_014993382.1,961873552,XP_014848868.1,961873553,NW_015095007.1,961417289,89634,94139,+,Reference P_mexicana-1.0,-,-,stoml2
NuclearRef,48701,106927238,MODEL,XM_015002661.1,961909121,XP_014858147.1,961909122,NW_015095443.1,961416296,101771,117428,-,Reference P_mexicana-1.0,-,-,sucla2
Sulfide Detox/Response,48701,106929455,MODEL,XM_015006416.1,961923279,XP_014861902.1,961923280,NW_015095639.1,961415850,115340,124938,-,Reference P_mexicana-1.0,-,-,suox
NuclearRef,48701,106907153,MODEL,XM_014972733.1,961999124,XP_014828219.1,961999125,NW_015097024.1,961412797,37251,40351,-,Reference P_mexicana-1.0,-,-,tatdn3
Broughton,48701,106924156,MODEL,XM_014997716.1,961890204,XP_014853202.1,961890205,NW_015095187.1,961416872,228232,233992,+,Reference P_mexicana-1.0,-,-,tbp
NuclearRef,48701,106927217,MODEL,XM_015002622.1,961908985,XP_014858108.1,961908986,NW_015095440.1,961416302,230027,248665,-,Reference P_mexicana-1.0,-,-,tdrkh
Sulfide Detox/Response,48701,106904901,MODEL,XM_014969424.1,961986120,XP_014824910.1,961986121,NW_015096550.1,961413841,42110,44430,-,Reference P_mexicana-1.0,-,-,thtpa
NuclearRef,48701,106927419,MODEL,XM_015002966.1,961910281,XP_014858452.1,961910282,NW_015095458.1,961416263,125453,129305,-,Reference P_mexicana-1.0,-,-,timm9
NuOX,48701,106920323,MODEL,XM_014991262.1,961865458,XP_014846748.1,961865459,NW_015094926.1,961417478,223350,229888,-,Reference P_mexicana-1.0,-,-,tmco6
Sulfide Detox/Response,48701,106905525,MODEL,XM_014970417.1,961989965,XP_014825903.1,961989966,NW_015096665.1,961413583,23574,27117,-,Reference P_mexicana-1.0,-,-,tmx2
NuclearRef,48701,106915782,MODEL,XM_014983623.1,961836261,XP_014839109.1,961836262,NW_015094684.1,961418038,564536,571165,+,Reference P_mexicana-1.0,-,-,trap1
NuclearRef,48701,106922593,MODEL,XM_014995154.1,961880215,XP_014850640.1,961880216,NW_015095081.1,961417114,56669,57612,-,Reference P_mexicana-1.0,-,-,triap1
NuclearRef,48701,106930022,MODEL,XM_015007323.1,961926734,XP_014862809.1,961926735,NW_015095705.1,961415706,90191,107293,-,Reference P_mexicana-1.0,-,-,trnt1
NuclearRef,48701,106930824,MODEL,XM_015008614.1,961931683,XP_014864100.1,961931684,NW_015095805.1,961415486,83453,89056,-,Reference P_mexicana-1.0,-,-,txn2
Sulfide Detox/Response,48701,106922422,MODEL,XM_014994833.1,961879019,XP_014850319.1,961879020,NW_015095068.1,961417146,35507,68898,-,Reference P_mexicana-1.0,-,-,txnrd2
NuclearRef,48701,106932519,MODEL,XM_015011272.1,961941948,XP_014866758.1,961941949,NW_015096018.1,961415039,49799,54923,-,Reference P_mexicana-1.0,-,-,ucp1
Broughton,48701,106921748,MODEL,XM_014993616.1,961874408,XP_014849102.1,961874409,NW_015095019.1,961417261,145812,150320,+,Reference P_mexicana-1.0,-,-,ufd1l
Broughton,48701,106917861,MODEL,XM_014987131.1,961849709,XP_014842617.1,961849710,NW_015094781.1,961417813,318118,335961,+,Reference P_mexicana-1.0,-,-,vars2
Broughton,48701,106923215,MODEL,XM_014996139.1,961884137,XP_014851625.1,961884138,NW_015095117.1,961417033,389217,396168,+,Reference P_mexicana-1.0,-,-,vps18
Broughton,48701,106922927,MODEL,XM_014995691.1,961882328,XP_014851177.1,961882329,NW_015095101.1,961417069,246292,258506,+,Reference P_mexicana-1.0,-,-,wee1
Broughton,48701,106915566,MODEL,XM_014983244.1,961834834,XP_014838730.1,961834835,NW_015094677.1,961418054,208645,216628,-,Reference P_mexicana-1.0,-,-,ybx1
NuclearRef,48701,106917618,MODEL,XM_014986734.1,961848148,XP_014842220.1,961848149,NW_015094770.1,961417839,434797,441892,-,Reference P_mexicana-1.0,-,-,aadat
Sulfide Detox/Response,48701,106904610,MODEL,XM_014969024.1,961984592,XP_014824510.1,961984593,NW_015096502.1,961413945,64532,113222,-,Reference P_mexicana-1.0,-,-,abcc3
NuclearRef,48701,106910164,MODEL,XM_014976747.1,962014799,XP_014832233.1,962014800,NW_015097968.1,961410740,1416,35491,+,Reference P_mexicana-1.0,-,-,abcd3
NuclearRef,48701,106903340,MODEL,XM_014967070.1,961805902,XP_014822556.1,961805903,NW_015094576.1,961418303,498995,502731,+,Reference P_mexicana-1.0,-,-,abhd10
NuclearRef,48701,106910489,MODEL,XM_014977132.1,961810506,XP_014832618.1,961810507,NW_015094600.1,961418239,280793,289694,-,Reference P_mexicana-1.0,-,-,abhd11
NuclearRef,48701,106926033,MODEL,XM_015000663.1,961901503,XP_014856149.1,961901504,NW_015095333.1,961416542,39539,52080,+,Reference P_mexicana-1.0,-,-,acads
NuclearRef,48701,106921404,MODEL,XM_014993084.1,961872391,XP_014848570.1,961872392,NW_015094993.1,961417324,226698,235687,+,Reference P_mexicana-1.0,-,-,acsl5
NuclearRef,48701,106907142,MODEL,XM_014972717.1,961999059,XP_014828203.1,961999060,NW_015097022.1,961412801,33345,54786,-,Reference P_mexicana-1.0,-,-,acss3
Broughton,48701,106924149,MODEL,XM_014997706.1,961890165,XP_014853192.1,961890166,NW_015095187.1,961416872,178251,182038,+,Reference P_mexicana-1.0,-,-,acta1
NuclearRef,48701,106907815,MODEL,XM_014973677.1,962002848,XP_014829163.1,962002849,NW_015097176.1,961412478,39348,45410,+,Reference P_mexicana-1.0,-,-,adsl
Sulfide Detox/Response,48701,106909878,MODEL,XM_014976378.1,962013360,XP_014831864.1,962013361,NW_015097848.1,961410997,6868,11607,+,Reference P_mexicana-1.0,-,-,akr1a1
NuclearRef,48701,106921697,MODEL,XM_014993541.1,961874128,XP_014849027.1,961874129,NW_015095015.1,961417271,267995,275227,+,Reference P_mexicana-1.0,-,-,alas2
NuclearRef,48701,106914006,MODEL,XM_014980501.1,961813258,XP_014835987.1,961813259,NW_015094615.1,961418200,555628,577832,-,Reference P_mexicana-1.0,-,-,aldh1a2
NuclearRef,48701,106926622,MODEL,XM_015001665.1,961905287,XP_014857151.1,961905288,NW_015095384.1,961416431,203749,223988,+,Reference P_mexicana-1.0,-,-,aldh1l2
Sulfide Detox/Response,48701,106907429,MODEL,XM_014973122.1,962000699,XP_014828608.1,962000700,NW_015097092.1,961412654,69341,79779,-,Reference P_mexicana-1.0,-,-,aldh5a1
NuclearRef,48701,106912192,MODEL,XM_014979023.1,961811551,XP_014834509.1,961811552,NW_015094606.1,961418220,6630,23719,+,Reference P_mexicana-1.0,-,-,amacr
NuclearRef,48701,106915524,MODEL,XM_014983174.1,961834571,XP_014838660.1,961834572,NW_015094675.1,961418059,394669,445854,+,Reference P_mexicana-1.0,-,-,armc4
Sulfide Detox/Response,48701,106906091,MODEL,XM_014971183.1,961807654,XP_014826669.1,961807655,NW_015094585.1,961418275,128713,133776,-,Reference P_mexicana-1.0,-,-,arsa
Sulfide Detox/Response,48701,106918715,MODEL,XM_014988688.1,961855632,XP_014844174.1,961855633,NW_015094828.1,961417709,42106,45414,-,Reference P_mexicana-1.0,-,-,arsk
NuOX,48701,106930316,MODEL,XM_015007774.1,961928478,XP_014863260.1,961928479,NW_015095736.1,961415637,161973,165725,-,Reference P_mexicana-1.0,-,-,atp5b
NuOX,48701,106917115,MODEL,XM_014985847.1,961844785,XP_014841333.1,961844786,NW_015094746.1,961417891,461685,463814,+,Reference P_mexicana-1.0,-,-,atp5c1
NuOX,48701,106929490,MODEL,XM_015006477.1,961923503,XP_014861963.1,961923504,NW_015095644.1,961415842,9811,17125,-,Reference P_mexicana-1.0,-,-,atp5d
NuOX,48701,106918523,MODEL,XM_014988371.1,961854426,XP_014843857.1,961854427,NW_015094818.1,961417731,377143,383111,-,Reference P_mexicana-1.0,-,-,atp5f1
NuOX,48701,106924455,MODEL,XM_014998164.1,961891909,XP_014853650.1,961891910,NW_015095210.1,961416817,170130,172032,-,Reference P_mexicana-1.0,-,-,atp5g3
NuOX,48701,106916407,MODEL,XM_014984687.1,961840331,XP_014840173.1,961840332,NW_015094712.1,961417972,310716,314359,-,Reference P_mexicana-1.0,-,-,atp5h
NuOX,48701,106927432,MODEL,XM_015002986.1,961910357,XP_014858472.1,961910358,NW_015095459.1,961416261,193688,196050,+,Reference P_mexicana-1.0,-,-,atp5j
NuOX,48701,106924535,MODEL,XM_014998287.1,961892393,XP_014853773.1,961892394,NW_015095214.1,961416808,136334,137644,+,Reference P_mexicana-1.0,-,-,atp5l
NuOX,48701,106925645,MODEL,XM_015000089.1,961899301,XP_014855575.1,961899302,NW_015095303.1,961416611,209582,212950,+,Reference P_mexicana-1.0,-,-,atp5o
NuclearRef,48701,106931681,MODEL,XM_015009936.1,961936853,XP_014865422.1,961936854,NW_015095910.1,961415264,66778,68543,-,Reference P_mexicana-1.0,-,-,aurkaip1
Sulfide Detox/Response,48701,106917398,MODEL,XM_014986328.1,961846605,XP_014841814.1,961846606,NW_015094762.1,961417856,632634,637324,-,Reference P_mexicana-1.0,-,-,b3galt6
NuclearRef,48701,106916906,MODEL,XM_014985518.1,961843525,XP_014841004.1,961843526,NW_015094736.1,961417914,571516,577293,-,Reference P_mexicana-1.0,-,-,bad
Sulfide Detox/Response,48701,106929487,MODEL,XM_015006471.1,961923483,XP_014861957.1,961923484,NW_015095644.1,961415842,93849,102744,+,Reference P_mexicana-1.0,-,-,bsg
Sulfide Detox/Response,48701,106922842,MODEL,XM_014995570.1,961881821,XP_014851056.1,961881822,NW_015095097.1,961417078,28373,142093,+,Reference P_mexicana-1.0,-,-,cacna1a
Broughton,48701,106916133,MODEL,XM_014984208.1,961838487,XP_014839694.1,961838488,NW_015094699.1,961418002,210696,218497,-,Reference P_mexicana-1.0,-,-,cct3
Broughton,48701,106916886,MODEL,XM_014985486.1,961843400,XP_014840972.1,961843401,NW_015094736.1,961417914,294919,302352,-,Reference P_mexicana-1.0,-,-,cct7
Broughton,48701,106926302,MODEL,XM_015001135.1,961800370,XP_014856621.1,961800371,NW_015094550.1,961418363,337026,343896,-,Reference P_mexicana-1.0,-,-,cga
NuOX,48701,106920197,MODEL,XM_014991068.1,961796376,XP_014846554.1,961796377,NW_015094535.1,961418399,187429,192607,-,Reference P_mexicana-1.0,-,-,chmp4b
Sulfide Detox/Response,48701,106905207,MODEL,XM_014969887.1,961807066,XP_014825373.1,961807067,NW_015094583.1,961418280,250004,252572,+,Reference P_mexicana-1.0,-,-,chst10
Sulfide Detox/Response,48701,106918205,MODEL,XM_014987773.1,961852181,XP_014843259.1,961852182,NW_015094800.1,961417773,28435,51482,+,Reference P_mexicana-1.0,-,-,clic4
Sulfide Detox/Response,48701,106927108,MODEL,XM_015002436.1,961908274,XP_014857922.1,961908275,NW_015095431.1,961416323,142085,157037,+,Reference P_mexicana-1.0,-,-,clic5
Sulfide Detox/Response,48701,106916861,MODEL,XM_014985453.1,961843272,XP_014840939.1,961843273,NW_015094735.1,961417916,259311,267961,-,Reference P_mexicana-1.0,-,-,cndp2
NuclearRef,48701,106904759,MODEL,XM_014969222.1,961985333,XP_014824708.1,961985334,NW_015096525.1,961413891,16557,23872,-,Reference P_mexicana-1.0,-,-,comt
Broughton,48701,106903557,MODEL,XM_014967453.1,961972354,XP_014822939.1,961972355,NW_015096334.1,961414334,166278,183873,+,Reference P_mexicana-1.0,-,-,copa
Broughton,48701,106924689,MODEL,XM_014998521.1,961799382,XP_014854007.1,961799383,NW_015094545.1,961418376,1285994,1300116,-,Reference P_mexicana-1.0,-,-,cpsf1
Broughton,48701,106933463,MODEL,XM_015012732.1,961947553,XP_014868218.1,961947554,NW_015096141.1,961414760,129268,133447,+,Reference P_mexicana-1.0,-,-,cpsf4
Broughton,48701,106924258,MODEL,XM_014997863.1,961890770,XP_014853349.1,961890771,NW_015095195.1,961416852,288377,299191,-,Reference P_mexicana-1.0,-,-,cstf3
Sulfide Detox/Response,48701,106930558,MODEL,XM_015008188.1,961930067,XP_014863674.1,961930068,NW_015095760.1,961415585,115289,130310,+,Reference P_mexicana-1.0,-,-,cth
Sulfide Detox/Response,48701,106907623,MODEL,XM_014973425.1,962001901,XP_014828911.1,962001902,NW_015097140.1,961412549,85187,95747,-,Reference P_mexicana-1.0,-,-,ctns
Broughton,48701,106928165,MODEL,XM_015004236.1,961915095,XP_014859722.1,961915096,NW_015095517.1,961416133,340915,347267,-,Reference P_mexicana-1.0,-,-,ctsz
Broughton,48701,106907001,MODEL,XM_014972496.1,961998234,XP_014827982.1,961998235,NW_015096990.1,961412871,14894,18874,-,Reference P_mexicana-1.0,-,-,dazap2
Sulfide Detox/Response,48701,106928928,MODEL,XM_015005539.1,961919984,XP_014861025.1,961919985,NW_015095583.1,961415972,186078,190820,+,Reference P_mexicana-1.0,-,-,dcps
Broughton,48701,106926261,MODEL,XM_015001064.1,961903034,XP_014856550.1,961903035,NW_015095353.1,961416496,91418,96452,+,Reference P_mexicana-1.0,-,-,ddost
Broughton,48701,106908187,MODEL,XM_014974204.1,962004841,XP_014829690.1,962004842,NW_015097271.1,961412267,329,20492,+,Reference P_mexicana-1.0,-,-,ddx27
Broughton,48701,106925261,MODEL,XM_014999469.1,961896924,XP_014854955.1,961896925,NW_015095268.1,961416688,264166,271431,-,Reference P_mexicana-1.0,-,-,ddx55
NuOX,48701,106919986,MODEL,XM_014990702.1,961863391,XP_014846188.1,961863392,NW_015094904.1,961417527,452988,457350,+,Reference P_mexicana-1.0,-,-,dffb
Sulfide Detox/Response,48701,106930407,MODEL,XM_015007938.1,961929106,XP_014863424.1,961929107,NW_015095744.1,961415620,49899,59365,+,Reference P_mexicana-1.0,-,-,dpep1
NuclearRef,48701,106930376,MODEL,XM_015007878.1,961928877,XP_014863364.1,961928878,NW_015095741.1,961415626,147921,154355,+,Reference P_mexicana-1.0,-,-,ech1
NuclearRef,48701,106915144,MODEL,XM_014982548.1,961832221,XP_014838034.1,961832222,NW_015094658.1,961418099,377102,384002,+,Reference P_mexicana-1.0,-,-,echs1
NuclearRef,48701,106910327,MODEL,XM_014976933.1,962015564,XP_014832419.1,962015565,NW_015098039.1,961410582,33004,35459,-,Reference P_mexicana-1.0,-,-,eci2
Broughton,48701,106904078,MODEL,XM_014968208.1,961979125,XP_014823694.1,961979126,NW_015096408.1,961414172,38573,83060,+,Reference P_mexicana-1.0,-,-,ect2
Sulfide Detox/Response,48701,106907552,MODEL,XM_014973326.1,962001503,XP_014828812.1,962001504,NW_015097123.1,961412586,43855,50570,-,Reference P_mexicana-1.0,-,-,eef1e1
Sulfide Detox/Response,48701,106920855,MODEL,XM_014992149.1,961868823,XP_014847635.1,961868824,NW_015094960.1,961417398,212415,216341,+,Reference P_mexicana-1.0,-,-,eef1g
Broughton,48701,106928410,MODEL,XM_015004665.1,961916669,XP_014860151.1,961916670,NW_015095536.1,961416082,40651,50940,-,Reference P_mexicana-1.0,-,-,eif2s3
NuOX,48701,106910394,MODEL,XM_014977012.1,961810455,XP_014832498.1,961810456,NW_015094600.1,961418239,187475,210953,-,Reference P_mexicana-1.0,-,-,eln
NuclearRef,48701,106905803,MODEL,XM_014970800.1,961991479,XP_014826286.1,961991480,NW_015096720.1,961413466,30261,38170,-,Reference P_mexicana-1.0,-,-,endog
Sulfide Detox/Response,48701,106930235,MODEL,XM_015007666.1,961928065,XP_014863152.1,961928066,NW_015095728.1,961415654,220842,224531,-,Reference P_mexicana-1.0,-,-,esd
NuOX,48701,106903464,MODEL,XM_014967310.1,961970959,XP_014822796.1,961970960,NW_015096318.1,961414368,118270,129782,-,Reference P_mexicana-1.0,-,-,g2e3
Sulfide Detox/Response,48701,106932931,MODEL,XM_015011898.1,961944323,XP_014867384.1,961944324,NW_015096070.1,961414919,23518,46726,+,Reference P_mexicana-1.0,-,-,gad1
Sulfide Detox/Response,48701,106917603,MODEL,XM_014986711.1,961848054,XP_014842197.1,961848055,NW_015094770.1,961417839,224446,257107,+,Reference P_mexicana-1.0,-,-,gal3st3
Sulfide Detox/Response,48701,106924434,MODEL,XM_014998133.1,961891808,XP_014853619.1,961891809,NW_015095209.1,961416820,147341,165687,-,Reference P_mexicana-1.0,-,-,gal3st4
Broughton,48701,106921370,MODEL,XM_014993030.1,961872193,XP_014848516.1,961872194,NW_015094992.1,961417326,163794,169549,+,Reference P_mexicana-1.0,-,-,gapdh
Sulfide Detox/Response,48701,106914801,MODEL,XM_014981845.1,961829603,XP_014837331.1,961829604,NW_015094643.1,961418134,74441,94323,-,Reference P_mexicana-1.0,-,-,gclc
Sulfide Detox/Response,48701,106930312,MODEL,XM_015007807.1,961792296,XP_014863293.1,961792297,NW_015094514.1,961418450,226376,235232,+,Reference P_mexicana-1.0,-,-,gclm
Sulfide Detox/Response,48701,106932459,MODEL,XM_015011180.1,961941584,XP_014866666.1,961941585,NW_015096010.1,961415055,42526,63662,-,Reference P_mexicana-1.0,-,-,gdap1l1
Broughton,48701,106933314,MODEL,XM_015012472.1,961805098,XP_014867958.1,961805099,NW_015094572.1,961418313,486005,495370,+,Reference P_mexicana-1.0,-,-,gle1
Sulfide Detox/Response,48701,106904090,MODEL,XM_014968221.1,961979210,XP_014823707.1,961979211,NW_015096409.1,961414169,22417,27220,+,Reference P_mexicana-1.0,-,-,glo1
NuclearRef,48701,106927185,MODEL,XM_015002551.1,961908723,XP_014858037.1,961908724,NW_015095437.1,961416309,18138,23106,-,Reference P_mexicana-1.0,-,-,glrx
Sulfide Detox/Response,48701,106918935,MODEL,XM_014989027.1,961856898,XP_014844513.1,961856899,NW_015094840.1,961417681,192920,196510,+,Reference P_mexicana-1.0,-,-,glrx2
Sulfide Detox/Response,48701,106909316,MODEL,XM_014975666.1,962010537,XP_014831152.1,962010538,NW_015097625.1,961411493,52303,54184,+,Reference P_mexicana-1.0,-,-,gpx2
Sulfide Detox/Response,48701,106933375,MODEL,XM_015012577.1,961946959,XP_014868063.1,961946960,NW_015096126.1,961414796,104663,110245,+,Reference P_mexicana-1.0,-,-,gpx3
Sulfide Detox/Response,48701,106917758,MODEL,XM_014986960.1,961848990,XP_014842446.1,961848991,NW_015094777.1,961417822,45666,57925,+,Reference P_mexicana-1.0,-,-,gpx4
Sulfide Detox/Response,48701,106918876,MODEL,XM_014988921.1,961856482,XP_014844407.1,961856483,NW_015094837.1,961417689,83718,91241,+,Reference P_mexicana-1.0,-,-,gsr
Sulfide Detox/Response,48701,106916575,MODEL,XM_014984953.1,961841336,XP_014840439.1,961841337,NW_015094718.1,961417958,432946,436538,-,Reference P_mexicana-1.0,-,-,gstk1
Sulfide Detox/Response,48701,106905310,MODEL,XM_014970062.1,961988623,XP_014825548.1,961988624,NW_015096626.1,961413666,58250,61957,-,Reference P_mexicana-1.0,-,-,gstz1
NuclearRef,48701,106929338,MODEL,XM_015006195.1,961922497,XP_014861681.1,961922498,NW_015095625.1,961415880,89007,108948,+,Reference P_mexicana-1.0,-,-,gtpbp3
NuclearRef,48701,106927984,MODEL,XM_015003937.1,961913953,XP_014859423.1,961913954,NW_015095502.1,961416166,40717,47994,-,Reference P_mexicana-1.0,-,-,hadhb
Sulfide Detox/Response,48701,106919012,MODEL,XM_014989137.1,961857313,XP_014844623.1,961857314,NW_015094844.1,961417671,277836,291502,-,Reference P_mexicana-1.0,-,-,hapln1
Sulfide Detox/Response,48701,106918928,MODEL,XM_014989020.1,961856867,XP_014844506.1,961856868,NW_015094840.1,961417681,63665,69361,-,Reference P_mexicana-1.0,-,-,hapln2
Sulfide Detox/Response,48701,106927938,MODEL,XM_015003854.1,961913641,XP_014859340.1,961913642,NW_015095497.1,961416178,128076,134544,+,Reference P_mexicana-1.0,-,-,hapln3
Sulfide Detox/Response,48701,106925121,MODEL,XM_014999215.1,961895987,XP_014854701.1,961895988,NW_015095259.1,961416706,12593,23096,+,Reference P_mexicana-1.0,-,-,hapln4
Broughton,48701,106932986,MODEL,XM_015011981.1,961944661,XP_014867467.1,961944662,NW_015096077.1,961414905,31145,37087,-,Reference P_mexicana-1.0,-,-,hdac3
NuclearRef,48701,106914256,MODEL,XM_014980931.1,961825146,XP_014836417.1,961825147,NW_015094624.1,961418178,353862,356075,-,Reference P_mexicana-1.0,-,-,higd1a
Sulfide Detox/Response,48701,106909582,MODEL,XM_014975985.1,961809892,XP_014831471.1,961809893,NW_015094597.1,961418246,543200,544845,+,Reference P_mexicana-1.0,-,-,hint1
Sulfide Detox/Response,48701,106919057,MODEL,XM_014989205.1,961857605,XP_014844691.1,961857606,NW_015094848.1,961417660,128488,131717,-,Reference P_mexicana-1.0,-,-,hint3
Broughton,48701,106932531,MODEL,XM_015011291.1,961942021,XP_014866777.1,961942022,NW_015096020.1,961415035,15076,20280,+,Reference P_mexicana-1.0,-,-,hsp90ab1
NuclearRef,48701,106926262,MODEL,XM_015001065.1,961903038,XP_014856551.1,961903039,NW_015095353.1,961416496,74776,80097,+,Reference P_mexicana-1.0,-,-,hspb7
NuclearRef,48701,106932471,MODEL,XM_015011192.1,961941644,XP_014866678.1,961941645,NW_015096012.1,961415051,37516,44610,+,Reference P_mexicana-1.0,-,-,hspd1
Sulfide Detox/Response,48701,106917647,MODEL,XM_014986780.1,961848320,XP_014842266.1,961848321,NW_015094771.1,961417836,372368,384048,-,Reference P_mexicana-1.0,-,-,idh1
Sulfide Detox/Response,48701,106921438,MODEL,XM_014993145.1,961872623,XP_014848631.1,961872624,NW_015094996.1,961417316,134671,152070,+,Reference P_mexicana-1.0,-,-,idh2
NuclearRef,48701,106927197,MODEL,XM_015002588.1,961908856,XP_014858074.1,961908857,NW_015095437.1,961416309,184377,195052,-,Reference P_mexicana-1.0,-,-,idh3b
NuclearRef,48701,106917349,MODEL,XM_014986237.1,961846291,XP_014841723.1,961846292,NW_015094760.1,961417861,401958,418349,-,Reference P_mexicana-1.0,-,-,immt
Sulfide Detox/Response,48701,106923877,MODEL,XM_014997244.1,961888433,XP_014852730.1,961888434,NW_015095169.1,961416915,141379,172639,+,Reference P_mexicana-1.0,-,-,impg2
Broughton,48701,106918124,MODEL,XM_014987619.1,961851599,XP_014843105.1,961851600,NW_015094796.1,961417781,231386,238693,+,Reference P_mexicana-1.0,-,-,kars
NuOX,48701,106921842,MODEL,XM_014993806.1,961875138,XP_014849292.1,961875139,NW_015095028.1,961417241,166142,170564,+,Reference P_mexicana-1.0,-,-,kbtbd4
Sulfide Detox/Response,48701,106913425,MODEL,XM_014980088.1,961812156,XP_014835574.1,961812157,NW_015094610.1,961418212,507337,514937,+,Reference P_mexicana-1.0,-,-,kyat3
NuclearRef,48701,106922077,MODEL,XM_014994195.1,961876647,XP_014849681.1,961876648,NW_015095043.1,961417204,246939,253147,+,Reference P_mexicana-1.0,-,-,l2hgdh